<?xml version="1.0" encoding="UTF-8"?>
<project-private xmlns="http://www.netbeans.org/ns/project-private/1">
    <editor-bookmarks xmlns="http://www.netbeans.org/ns/editor-bookmarks/2" lastBookmarkId="0"/>
    <open-files xmlns="http://www.netbeans.org/ns/projectui-open-files/2">
        <group>
            <file>file:/C:/Users/renzo/OneDrive/Documentos/NetBeansProjects/Ej_6_JavaPOO_Guia7/src/ej_6_javapoo_guia7/Ej_6_JavaPOO_Guia7.java</file>
            <file>file:/C:/Users/renzo/OneDrive/Documentos/NetBeansProjects/Ej_6_JavaPOO_Guia7/src/Atributos/Cafetera.java</file>
            <file>file:/C:/Users/renzo/OneDrive/Documentos/NetBeansProjects/Ej_6_JavaPOO_Guia7/src/Servicios/cafeteraServicios.java</file>
        </group>
    </open-files>
</project-private>
